Variável,MLE,Bayes (Posterior Mean)
RTT (µ),0.04844667024128686,0.04844765665318083
Perda (p),0.018991365987891966,0.01911813745236393
Throughput (β),2.952085855608465e-09,2.9654761892360447e-09
