Variável,MLE,Bayes (Posterior Mean)
RTT (µ),0.04844667024128686,0.04844765665318083
Perda (p),0.018991365987891966,0.01911813745236393
Throughput (β),0.002952085855608458,0.002965475003999552
