Variável,MLE,Bayes (Posterior Mean)
RTT (µ),0.04844667024128686,0.04844765665318083
Perda (p),1.899136598789197,1.9133391478471178
Throughput (β),2.952085855608465e-09,2.9654761892360447e-09
